"Product Name","Product Price","Product Code","Product Catagory","Product Description"
"OFM Essentials 3-Paddle Ergonomic Mesh High-Back Chair, Black/Silver","$249.99","Item #870521","Ergonomic Office Chairs | Office Depot & OfficeMax",""
"WorkPro® 1000 Series Ergonomic Mesh/Mesh Mid-Back Task Chair, Black/Black","$319.99","Item #604924","Ergonomic Office Chairs | Office Depot & OfficeMax","Free Store Pickup in 20 Minutes Order by 5pm and get it today"
"WorkPro® Momentum Ergonomic Mesh Active High-Back Chair, Black","$429.99","Item #8517865","Ergonomic Office Chairs | Office Depot & OfficeMax","Free Store Pickup in 20 Minutes Order by 5pm and get it today"
"WorkPro® Momentum Mesh Active High-Back Chair, Gray","$429.99","Item #2864384","Ergonomic Office Chairs | Office Depot & OfficeMax","Free Store Pickup in 20 Minutes Order by 5pm and get it today"
"WorkPro® Quantum 9000 Series Ergonomic Mesh/Mesh Mid-Back Chair, Black/Black","$549.99","Item #510830","Ergonomic Office Chairs | Office Depot & OfficeMax","Free Store Pickup in 20 Minutes"
"WorkPro® 12000 Series Ergonomic Mesh/Fabric Mid-Back Chair, Black/Black","$629.99","Item #9702132","Ergonomic Office Chairs | Office Depot & OfficeMax","Free Store Pickup in 20 Minutes"
"Realspace® Levari Faux Leather Mid-Back Task Chair, Gray/Black","$299.99","Item #6742150","Ergonomic Office Chairs | Office Depot & OfficeMax","Free Store Pickup in 20 Minutes Order by 5pm and get it today"
"WorkPro® Sentrix Ergonomic Mesh/Fabric Mid-Back Manager's Chair, 3D Arms, Black","$349.99","Item #9592014","Ergonomic Office Chairs | Office Depot & OfficeMax","Free Store Pickup in 20 Minutes Order by 5pm and get it today"
"WorkPro® 4000 Series Multifunction Ergonomic Mesh/Fabric High-Back Executive...","$419.99","Item #7741114","Ergonomic Office Chairs | Office Depot & OfficeMax","Free Store Pickup in 20 Minutes"
"Serta® Executive Office Ergonomic Microfiber Mid-Back Chair, Light Beige/Black","$199.99","Item #1851004","Ergonomic Office Chairs | Office Depot & OfficeMax",""
